1;2
3;4
5;6
ayam;bebek
ayam;bebek
ayam;bebek
ayam;bebek
1NA;Hasil/1NA.png
HUBB;Hasil/HUBB.png
FUBB;Hasil/FUBB.png
H6UBB;Hasil/H6UBB.png
HUBB;Hasil/HUBB.png
3061;Hasil/3061.png
306UBB;Hasil/306UBB.png
30630BB;Hasil/30630BB.png
06B;Hasil/06B.png
06UBB;Hasil/06UBB.png
D6UBB;Hasil/D6UBB.png
06UBB;Hasil/06UBB.png
063UBB;Hasil/063UBB.png
06UBB;Hasil/06UBB.png
3063UBB;Hasil/3063UBB.png
3063UBBU;Hasil/3063UBBU.png
3063UBB;Hasil/3063UBB.png
3D63UBB;Hasil/3D63UBB.png
UUBB;Hasil/UUBB.png
3063UBB;Hasil/3063UBB.png
3D63UB8;Hasil/3D63UB8.png
3063UBB;Hasil/3063UBB.png
3063U8B;Hasil/3063U8B.png
3063UBB;Hasil/3063UBB.png
30630BB;Hasil/30630BB.png
3063UBB;Hasil/3063UBB.png
3063UB8;Hasil/3063UB8.png
3063UBB;Hasil/3063UBB.png
3063UBB;Hasil/3063UBB.png
3063DBB;Hasil/3063DBB.png
306UBB;Hasil/306UBB.png
306DBB;Hasil/306DBB.png
306UBB;Hasil/306UBB.png
3063UBB;Hasil/3063UBB.png
06DB;Hasil/06DB.png
306UBB;Hasil/306UBB.png
Q33UBB;Hasil/Q33UBB.png
3063UBB;Hasil/3063UBB.png
306UBB;Hasil/306UBB.png
3063UBB;Hasil/3063UBB.png
306UBB;Hasil/306UBB.png
306UBB;Hasil/306UBB.png
3063UB;Hasil/3063UB.png
306UBB;Hasil/306UBB.png
3063UBB;Hasil/3063UBB.png
3063UBB;Hasil/3063UBB.png
30630BB;Hasil/30630BB.png
3063UBB;Hasil/3063UBB.png
D3063UB;Hasil/D3063UB.png
3575YXX;Hasil/3575YXX.png
35757XX;Hasil/35757XX.png
815A0D;Hasil/815A0D.png
15ADD;Hasil/15ADD.png
B15AD;Hasil/B15AD.png
575YXX;Hasil/575YXX.png
35757XX;Hasil/35757XX.png
3575YXX;Hasil/3575YXX.png
575YXX;Hasil/575YXX.png
75YXX;Hasil/75YXX.png
5757XX;Hasil/5757XX.png
75YXX;Hasil/75YXX.png
575YXX;Hasil/575YXX.png
75TXX;Hasil/75TXX.png
575YXX;Hasil/575YXX.png
75TXX;Hasil/75TXX.png
575YXX;Hasil/575YXX.png
5757XX;Hasil/5757XX.png
355TXX;Hasil/355TXX.png
3575YXX;Hasil/3575YXX.png
D3575;Hasil/D3575.png
3575YXX;Hasil/3575YXX.png
3575XX;Hasil/3575XX.png
3575;Hasil/3575.png
5YXX;Hasil/5YXX.png
3575YXX;Hasil/3575YXX.png
D3575YXX;Hasil/D3575YXX.png
